{
  "data": {
    "sweet_b1": {
      "attributes": [
        "bread_sweet",
        "blue_purple",
        "big"
      ],
      "pos": [
        0.4856278366111952,
        0.7058823529411764
      ],
      "size": [
        0.06505295007564296,
        0.08710407239819004
      ]
    },
    "sweet_b2": {
      "attributes": [
        "bread_sweet",
        "blue_purple",
        "big"
      ],
      "pos": [
        0.6142208774583964,
        0.40271493212669685
      ],
      "size": [
        0.10968229954614221,
        0.1255656108597285
      ]
    },
    "fruit_y_1": {
      "attributes": [
        "fruit_vegetable",
        "yellow_orange",
        "medium"
      ],
      "pos": [
        0.5211800302571861,
        0.1018099547511312
      ],
      "size": [
        0.06959152798789713,
        0.08031674208144797
      ]
    },
    "sweet_g_3": {
      "attributes": [
        "bread_sweet",
        "green",
        "small"
      ],
      "pos": [
        0.8721633888048411,
        0.7058823529411764
      ],
      "size": [
        0.038577912254160365,
        0.07692307692307693
      ]
    },
    "drink_o_1": {
      "attributes": [
        "liquid",
        "yellow_orange",
        "big"
      ],
      "pos": [
        0.5030257186081695,
        0.5576923076923077
      ],
      "size": [
        0.058245083207261725,
        0.1165158371040724
      ]
    },
    "veg_12_o": {
      "attributes": [
        "fruit_vegetable",
        "yellow_orange",
        "medium"
      ],
      "pos": [
        0.38502269288956126,
        0.09841628959276016
      ],
      "size": [
        0.09531013615733737,
        0.1255656108597285
      ]
    },
    "drink_g": {
      "attributes": [
        "liquid",
        "green",
        "medium"
      ],
      "pos": [
        0.6830559757942511,
        0.5531674208144797
      ],
      "size": [
        0.038577912254160365,
        0.11764705882352941
      ]
    },
    "veg_y_1": {
      "attributes": [
        "fruit_vegetable",
        "yellow_orange",
        "medium"
      ],
      "pos": [
        0.33055975794251136,
        0.1018099547511312
      ],
      "size": [
        0.06202723146747353,
        0.09502262443438914
      ]
    },
    "sweet_y_1_1": {
      "attributes": [
        "bread_sweet",
        "yellow_orange",
        "big"
      ],
      "pos": [
        0.3472012102874433,
        0.248868778280543
      ],
      "size": [
        0.07715582450832073,
        0.0746606334841629
      ]
    },
    "fruit_b": {
      "attributes": [
        "fruit_vegetable",
        "blue_purple",
        "small"
      ],
      "pos": [
        0.7844175491679274,
        0.10407239819004521
      ],
      "size": [
        0.046898638426626324,
        0.07918552036199095
      ]
    },
    "sweet_r_3": {
      "attributes": [
        "bread_sweet",
        "red",
        "big"
      ],
      "pos": [
        0.802571860816944,
        0.4785067873303167
      ],
      "size": [
        0.08396369137670197,
        0.11538461538461539
      ]
    },
    "sweet_r_2": {
      "attributes": [
        "bread_sweet",
        "red",
        "small"
      ],
      "pos": [
        0.8706505295007564,
        0.8246606334841629
      ],
      "size": [
        0.024962178517397883,
        0.0746606334841629
      ]
    },
    "drink_b": {
      "attributes": [
        "liquid",
        "blue_purple",
        "big"
      ],
      "pos": [
        0.7995461422087746,
        0.252262443438914
      ],
      "size": [
        0.039334341906202726,
        0.18099547511312217
      ]
    },
    "sweet_g1": {
      "attributes": [
        "bread_sweet",
        "green",
        "big"
      ],
      "pos": [
        0.3381240544629349,
        0.33257918552036203
      ],
      "size": [
        0.07866868381240545,
        0.07805429864253394
      ]
    },
    "sweet_r_4": {
      "attributes": [
        "bread_sweet",
        "red",
        "medium"
      ],
      "pos": [
        0.36838124054462934,
        0.4762443438914027
      ],
      "size": [
        0.036308623298033284,
        0.06900452488687783
      ]
    },
    "bread_r": {
      "attributes": [
        "bread_sweet",
        "red",
        "big"
      ],
      "pos": [
        0.33358547655068077,
        0.5599547511312217
      ],
      "size": [
        0.11195158850226929,
        0.07918552036199095
      ]
    },
    "meat_1_r": {
      "attributes": [
        "meat_fish",
        "red",
        "big"
      ],
      "pos": [
        0.6043872919818457,
        0.248868778280543
      ],
      "size": [
        0.15128593040847202,
        0.12782805429864252
      ]
    },
    "veg_1_o": {
      "attributes": [
        "fruit_vegetable",
        "green",
        "small"
      ],
      "pos": [
        0.4833585476550681,
        0.09615384615384615
      ],
      "size": [
        0.02798789712556732,
        0.07805429864253394
      ]
    },
    "bread_y": {
      "attributes": [
        "bread_sweet",
        "yellow_orange",
        "big"
      ],
      "pos": [
        0.48714069591527986,
        0.8269230769230769
      ],
      "size": [
        0.08245083207261725,
        0.0667420814479638
      ]
    },
    "sweet_b": {
      "attributes": [
        "bread_sweet",
        "blue_purple",
        "small"
      ],
      "pos": [
        0.7927382753403933,
        0.8280542986425339
      ],
      "size": [
        0.0529500756429652,
        0.07239819004524888
      ]
    },
    "fish_1_o": {
      "attributes": [
        "meat_fish",
        "yellow_orange",
        "medium"
      ],
      "pos": [
        0.49016641452344933,
        0.2590497737556561
      ],
      "size": [
        0.08698940998487141,
        0.05203619909502263
      ]
    },
    "veg_r_2": {
      "attributes": [
        "fruit_vegetable",
        "red",
        "medium"
      ],
      "pos": [
        0.8305597579425114,
        0.1018099547511312
      ],
      "size": [
        0.06883509833585477,
        0.083710407239819
      ]
    },
    "veg_r_1": {
      "attributes": [
        "fruit_vegetable",
        "red",
        "small"
      ],
      "pos": [
        0.3638426626323752,
        0.7160633484162896
      ],
      "size": [
        0.057488653555219364,
        0.05656108597285068
      ]
    },
    "meat_2_r": {
      "attributes": [
        "meat_fish",
        "red",
        "medium"
      ],
      "pos": [
        0.4856278366111952,
        0.4072398190045249
      ],
      "size": [
        0.09228441754916793,
        0.08257918552036199
      ]
    },
    "veg_b_1": {
      "attributes": [
        "fruit_vegetable",
        "blue_purple",
        "medium"
      ],
      "pos": [
        0.6187594553706506,
        0.09728506787330315
      ],
      "size": [
        0.049167927382753406,
        0.10633484162895927
      ]
    },
    "sweet_y_1": {
      "attributes": [
        "bread_sweet",
        "yellow_orange",
        "small"
      ],
      "pos": [
        0.8275340393343419,
        0.7036199095022624
      ],
      "size": [
        0.03328290468986384,
        0.08710407239819004
      ]
    },
    "drink_red_1": {
      "attributes": [
        "liquid",
        "red",
        "big"
      ],
      "pos": [
        0.6232980332829047,
        0.5554298642533937
      ],
      "size": [
        0.039334341906202726,
        0.17194570135746606
      ]
    },
    "drink_r_3": {
      "attributes": [
        "liquid",
        "red",
        "medium"
      ],
      "pos": [
        0.4205748865355522,
        0.331447963800905
      ],
      "size": [
        0.02723146747352496,
        0.10520361990950226
      ]
    },
    "drink_r_2": {
      "attributes": [
        "liquid",
        "red",
        "medium"
      ],
      "pos": [
        0.8600605143721634,
        0.25339366515837103
      ],
      "size": [
        0.024205748865355523,
        0.11425339366515837
      ]
    },