{
  "data": {
    "fruit_y_1": {
      "attributes": [
        "fruit_vegetable",
        "yellow_orange",
        "medium"
      ],
      "pos": [
        0.5211800302571861,
        0.1018099547511312
      ],
      "size": [
        0.06959152798789713,
        0.08031674208144797
      ]
    },
    "sweet_g_3": {
      "attributes": [
        "bread_sweet",
        "green",
        "small"
      ],
      "pos": [
        0.8721633888048411,
        0.7058823529411764
      ],
      "size": [
        0.038577912254160365,
        0.07692307692307693
      ]
    },
    "drink_o_1": {
      "attributes": [
        "liquid",
        "yellow_orange",
        "big"
      ],
      "pos": [
        0.5030257186081695,
        0.5576923076923077
      ],
      "size": [
        0.058245083207261725,
        0.1165158371040724
      ]
    },
    "veg_12_o": {
      "attributes": [
        "fruit_vegetable",
        "yellow_orange",
        "small"
      ],
      "pos": [
        0.4122541603630862,
        0.10972850678733037
      ],
      "size": [
        0.0680786686838124,
        0.10180995475113122
      ]
    },
    "drink_g": {
      "attributes": [
        "liquid",
        "green",
        "medium"
      ],
      "pos": [
        0.6830559757942511,
        0.5531674208144797
      ],
      "size": [
        0.038577912254160365,
        0.11764705882352941
      ]
    },
    "veg_y_1": {
      "attributes": [
        "fruit_vegetable",
        "yellow_orange",
        "big"
      ],
      "pos": [
        0.33358547655068077,
        0.5599547511312217
      ],
      "size": [
        0.0907715582450832,
        0.13574660633484162
      ]
    },
    "fruit_b": {
      "attributes": [
        "fruit_vegetable",
        "blue_purple",
        "small"
      ],
      "pos": [
        0.7844175491679274,
        0.10407239819004521
      ],
      "size": [
        0.046898638426626324,
        0.07918552036199095
      ]
    },
    "sweet_r_3": {
      "attributes": [
        "bread_sweet",
        "red",
        "big"
      ],
      "pos": [
        0.802571860816944,
        0.4785067873303167
      ],
      "size": [
        0.08396369137670197,
        0.11538461538461539
      ]
    },
    "drink_b": {
      "attributes": [
        "liquid",
        "blue_purple",
        "big"
      ],
      "pos": [
        0.7995461422087746,
        0.252262443438914
      ],
      "size": [
        0.039334341906202726,
        0.18099547511312217
      ]
    },
    "sweet_g1": {
      "attributes": [
        "bread_sweet",
        "green",
        "big"
      ],
      "pos": [
        0.6142208774583964,
        0.40271493212669685
      ],
      "size": [
        0.07866868381240545,
        0.07805429864253394
      ]
    },
    "sweet_r_4": {
      "attributes": [
        "bread_sweet",
        "red",
        "medium"
      ],
      "pos": [
        0.35627836611195157,
        0.4649321266968326
      ],
      "size": [
        0.060514372163388806,
        0.09049773755656108
      ]
    },
    "meat_1_r": {
      "attributes": [
        "meat_fish",
        "red",
        "big"
      ],
      "pos": [
        0.6043872919818457,
        0.248868778280543
      ],
      "size": [
        0.15128593040847202,
        0.12782805429864252
      ]
    },
    "sweet_b": {
      "attributes": [
        "bread_sweet",
        "blue_purple",
        "small"
      ],
      "pos": [
        0.7927382753403933,
        0.8280542986425339
      ],
      "size": [
        0.0529500756429652,
        0.07239819004524888
      ]
    },
    "fish_1_o": {
      "attributes": [
        "meat_fish",
        "yellow_orange",
        "medium"
      ],
      "pos": [
        0.49016641452344933,
        0.2590497737556561
      ],
      "size": [
        0.08698940998487141,
        0.05203619909502263
      ]
    },
    "meat_2_r": {
      "attributes": [
        "meat_fish",
        "red",
        "medium"
      ],
      "pos": [
        0.4939485627836611,
        0.41402714932126694
      ],
      "size": [
        0.07564296520423601,
        0.06787330316742081
      ]
    },
    "veg_b_1": {
      "attributes": [
        "fruit_vegetable",
        "blue_purple",
        "medium"
      ],
      "pos": [
        0.4856278366111952,
        0.7058823529411764
      ],
      "size": [
        0.049167927382753406,
        0.10633484162895927
      ]
    },
    "drink_r_3": {
      "attributes": [
        "liquid",
        "red",
        "medium"
      ],
      "pos": [
        0.4205748865355522,
        0.331447963800905
      ],
      "size": [
        0.02723146747352496,
        0.10520361990950226
      ]
    },
    "veg_g": {
      "attributes": [
        "fruit_vegetable",
        "green",
        "medium"
      ],
      "pos": [
        0.6860816944024206,
        0.09615384615384615
      ],
      "size": [
        0.07034795763993948,
        0.1085972850678733
      ]
    },
    "fish_b": {
      "attributes": [
        "meat_fish",
        "blue_purple",
        "medium"
      ],
      "pos": [
        0.630105900151286,
        0.754524886877828
      ],
      "size": [
        0.10363086232980333,
        0.09502262443438914
      ]
    },
    "fish_g": {
      "attributes": [
        "meat_fish",
        "green",
        "big"
      ],
      "pos": [
        0.3411497730711044,
        0.8291855203619909
      ],
      "size": [
        0.09531013615733737,
        0.09049773755656108
      ]
    }
  }
}